E0,employee_0,None
E1,employee_1,None
E2,employee_2,None
E3,employee_3,None
E4,employee_4,None
E5,employee_5,None
E6,employee_6,None
E7,employee_7,None
E8,employee_8,None
E9,employee_9,None
E10,employee_10,None
E11,employee_11,None
E12,employee_12,None
E13,employee_13,None
E14,employee_14,None
E15,employee_15,None
E16,employee_16,None
E17,employee_17,None
E18,employee_18,None
E19,employee_19,None
E20,employee_20,E0
E21,employee_21,E1
E22,employee_22,E2
E23,employee_23,E3
E24,employee_24,E4
E25,employee_25,E5
E26,employee_26,E6
E27,employee_27,E7
E28,employee_28,E8
E29,employee_29,E9
E30,employee_30,E10
E31,employee_31,E11
E32,employee_32,E12
E33,employee_33,E13
E34,employee_34,E14
E35,employee_35,E15
E36,employee_36,E16
E37,employee_37,E17
E38,employee_38,E18
E39,employee_39,E19
E40,employee_40,E0
E41,employee_41,E1
E42,employee_42,E2
E43,employee_43,E3
E44,employee_44,E4
E45,employee_45,E5
E46,employee_46,E6
E47,employee_47,E7
E48,employee_48,E8
E49,employee_49,E9
E50,employee_50,E10
E51,employee_51,E11
E52,employee_52,E12
E53,employee_53,E13
E54,employee_54,E14
E55,employee_55,E15
E56,employee_56,E16
E57,employee_57,E17
E58,employee_58,E18
E59,employee_59,E19
E60,employee_60,E0
E61,employee_61,E1
E62,employee_62,E2
E63,employee_63,E3
E64,employee_64,E4
E65,employee_65,E5
E66,employee_66,E6
E67,employee_67,E7
E68,employee_68,E8
E69,employee_69,E9
E70,employee_70,E10
E71,employee_71,E11
E72,employee_72,E12
E73,employee_73,E13
E74,employee_74,E14
E75,employee_75,E15
E76,employee_76,E16
E77,employee_77,E17
E78,employee_78,E18
E79,employee_79,E19
E80,employee_80,E0
E81,employee_81,E1
E82,employee_82,E2
E83,employee_83,E3
E84,employee_84,E4
E85,employee_85,E5
E86,employee_86,E6
E87,employee_87,E7
E88,employee_88,E8
E89,employee_89,E9
E90,employee_90,E10
E91,employee_91,E11
E92,employee_92,E12
E93,employee_93,E13
E94,employee_94,E14
E95,employee_95,E15
E96,employee_96,E16
E97,employee_97,E17
E98,employee_98,E18
E99,employee_99,E19
